sep=,
LapTime,CollisionCount,DistanceTravelled,AverageDegreesOff
15473,3,115.4455,-2.415527
15459,1,110.4931,-6.073841
15474,2,111.8416,-6.319099
